{
    "GraphSAGE": {
        "PR_AUC": 0.9917140552699634,
        "Accuracy": 0.9486502699460108,
        "Precision": 0.9693493914484165,
        "Recall": 0.9759414897029576,
        "F1": 0.9726342710997442,
        "Confusion Matrix": [
            [
                602,
                481
            ],
            [
                375,
                15212
            ]
        ]
    },
    "GCN": {
        "PR_AUC": 0.9832728396758509,
        "Accuracy": 0.9098980203959208,
        "Precision": 0.9538570599987111,
        "Recall": 0.9495733624173991,
        "F1": 0.951710390946502,
        "Confusion Matrix": [
            [
                367,
                716
            ],
            [
                786,
                14801
            ]
        ]
    },
    "GAT": {
        "PR_AUC": 0.9833450926037859,
        "Accuracy": 0.9050989802039592,
        "Precision": 0.9641413137137933,
        "Recall": 0.9332135754154103,
        "F1": 0.9484253765403925,
        "Confusion Matrix": [
            [
                542,
                541
            ],
            [
                1041,
                14546
            ]
        ]
    }
}