{"loss": [0.7592674493789673, 0.32393792271614075, 0.30596956610679626, 0.30905234813690186, 0.2823132574558258, 0.25304803252220154, 0.23457753658294678, 0.2212630659341812, 0.21342647075653076, 0.2042376846075058, 0.20288939774036407, 0.19685278832912445, 0.1934392899274826, 0.18940994143486023, 0.18508370220661163, 0.18419170379638672, 0.18210722506046295, 0.1792573630809784, 0.17542581260204315, 0.17157107591629028, 0.16797612607479095, 0.16724199056625366, 0.16435971856117249, 0.16348975896835327, 0.16039563715457916, 0.15872132778167725, 0.15701809525489807, 0.1530202180147171, 0.1517888456583023, 0.14980532228946686, 0.1480524092912674, 0.14503708481788635, 0.14257793128490448, 0.1411149948835373, 0.13861598074436188, 0.13511008024215698, 0.13350877165794373, 0.13056828081607819, 0.1282625049352646, 0.12479756772518158], "val_pr_auc": [0.9682145032230149, 0.9727844138625533, 0.9804999457631121, 0.9853421865040328, 0.9879383934601053, 0.9894165313464265, 0.9907468084165851, 0.9917187494088062, 0.992433297257867, 0.9929262715320737, 0.9932711933423626, 0.9935450125047808, 0.99375774455599, 0.993912480019504, 0.9940693086892869, 0.9942568677015632, 0.994501688837512, 0.9947786754238087, 0.9950472613290726, 0.9952858191373253, 0.9955042683614097, 0.9956882503316744, 0.9958515503500543, 0.9959996950331231, 0.9961307123978678, 0.9962638299491597, 0.9963863832214579, 0.9964980033264492, 0.9966100422857259, 0.9967159631114618, 0.9968146099835715, 0.9969011468768949, 0.9969753866152713, 0.9970287712007296, 0.9970657608861563, 0.9970928339624304, 0.9971140369660694, 0.9971303655802636, 0.9971512819677718, 0.9971819716511563], "test_pr_auc": [0.9676432701044893, 0.9663348167561094, 0.969741205935604, 0.9742202741522232, 0.978094419755543, 0.9804244493020757, 0.9820186486940927, 0.9833298744728702, 0.9843155368634762, 0.9849706763324351, 0.9853592911619378, 0.9857622632819459, 0.9859668499055876, 0.9861292247603559, 0.9863379224026663, 0.986557476044542, 0.986713206181429, 0.9869300545285387, 0.9871920619870594, 0.9874480005966814, 0.9876757547135582, 0.9878769153024479, 0.9880594102529152, 0.9882174122634115, 0.9884426478465276, 0.9886173448853437, 0.9887792280374218, 0.9889562437538513, 0.9891406892395467, 0.9893882761107842, 0.9895516568488658, 0.9896976063582621, 0.9898175708222863, 0.9899043833859815, 0.989966796868121, 0.9899966432622823, 0.9899968588657484, 0.9899749698546751, 0.9899672479435846, 0.9899672621310385]}